job_id,job_title,company,required_skills,description
1,Frontend Developer,TechNova,"html, css, javascript, react, redux","Build responsive user interfaces using React and modern JavaScript. Work closely with designers to implement pixel-perfect UI."
2,Backend Developer,CodeWorks,"python, django, flask, sql, rest api","Develop and maintain server-side logic, databases, and APIs using Python frameworks like Django or Flask."
3,Full Stack Developer,ByteBridge,"javascript, react, node.js, mongodb, express","Work across the stack building features from database to frontend using the MERN stack."
4,Data Scientist,DataSphere,"python, pandas, numpy, machine learning, scikit-learn","Analyze large datasets and build predictive models using Python and ML libraries."
5,Machine Learning Engineer,AIWorks,"python, tensorflow, pytorch, deep learning, machine learning","Design and deploy machine learning models into production systems."
6,Data Analyst,InsightCorp,"sql, excel, power bi, python, data visualization","Analyze business data and create dashboards and reports for stakeholders."
7,Java Developer,EnterpriseSoft,"java, spring boot, hibernate, sql, rest api","Develop enterprise-grade backend applications using Java and Spring Boot."
8,Android Developer,MobileFirst,"java, kotlin, android studio, xml, sqlite","Build and maintain native Android applications."
9,iOS Developer,AppLabs,"swift, xcode, ios, uikit, core data","Design and develop iOS applications using Swift."
10,DevOps Engineer,CloudNine,"docker, kubernetes, aws, ci/cd, linux","Manage cloud infrastructure and deployment pipelines."
11,Cloud Engineer,SkyStack,"aws, azure, terraform, linux, networking","Design and maintain scalable cloud infrastructure."
12,Cybersecurity Analyst,SecureNet,"network security, penetration testing, python, siem, firewalls","Monitor systems for security threats and conduct vulnerability assessments."
13,UI/UX Designer,PixelCraft,"figma, adobe xd, wireframing, prototyping, user research","Design intuitive user interfaces and conduct usability research."
14,Product Manager,LaunchPad,"product strategy, agile, jira, communication, market research","Lead product development from ideation to launch, coordinating cross-functional teams."
15,Business Analyst,BizConsult,"sql, excel, requirements gathering, power bi, communication","Bridge the gap between business needs and technical teams through data analysis."
16,QA Engineer,TestPro,"selenium, java, manual testing, automation testing, jira","Design and execute test cases to ensure software quality."
17,Database Administrator,DataVault,"sql, mysql, postgresql, database design, backup recovery","Manage, optimize, and secure organizational databases."
18,Network Engineer,NetSecure,"networking, cisco, tcp/ip, firewalls, routing switching","Design and maintain enterprise network infrastructure."
19,Python Developer,PySoft,"python, django, flask, sql, api development","Build scalable backend applications and APIs using Python."
20,React Developer,UIForge,"javascript, react, redux, css, html","Develop dynamic single page applications using React."
21,Data Engineer,PipelineWorks,"python, sql, spark, etl, airflow","Build and maintain data pipelines for large-scale data processing."
22,AI Research Intern,DeepMind Labs,"python, machine learning, deep learning, research, tensorflow","Assist in research and development of new machine learning models."
23,Software Engineer,GlobalTech,"java, python, data structures, algorithms, git","Design, develop, and maintain software applications across multiple platforms."
24,Web Developer,WebCraft,"html, css, javascript, php, mysql","Build and maintain websites using modern web technologies."
25,Technical Support Engineer,HelpDeskPro,"troubleshooting, networking, customer service, windows, linux","Provide technical support and resolve customer issues."
26,ERP Consultant,SAP Solutions,"sap, erp, business process, sql, communication","Implement and customize ERP solutions for enterprise clients."
27,Digital Marketing Analyst,MarketMinds,"seo, google analytics, sql, excel, content strategy","Analyze marketing campaigns and optimize digital strategies using data."
28,HR Data Analyst,PeopleFirst,"excel, sql, power bi, hr analytics, communication","Analyze workforce data to support HR decision-making."
29,Blockchain Developer,ChainWorks,"solidity, ethereum, blockchain, javascript, smart contracts","Develop decentralized applications and smart contracts."
30,Game Developer,PlayForge,"c#, unity, game design, 3d modeling, c++","Design and develop interactive video games using Unity engine."
31,Mechanical Design Engineer,TorqueWorks,"autocad, solidworks, gd&t, mechanical design, manufacturing","Design mechanical components and assemblies using CAD tools, ensuring manufacturability and tolerance standards."
32,Production Engineer,BuildTech Industries,"lean manufacturing, six sigma, production planning, quality control, autocad","Oversee production processes, optimize workflows, and ensure quality standards on the shop floor."
33,HVAC Design Engineer,ClimaTech,"hvac design, thermodynamics, autocad, energy analysis, mechanical design","Design heating, ventilation, and air conditioning systems for commercial and residential buildings."
34,Automobile Design Engineer,MotorCraft,"catia, vehicle dynamics, mechanical design, manufacturing, cad","Design and develop automotive components, from concept through prototyping and testing."
35,Maintenance Engineer,IndustrialWorks,"preventive maintenance, plc, troubleshooting, mechanical systems, safety standards","Maintain and troubleshoot industrial machinery to minimize downtime and ensure safe operation."
36,Civil Site Engineer,BuildRight Constructions,"autocad, staad pro, site supervision, structural design, project management","Supervise construction sites, ensure design compliance, and coordinate with contractors and architects."
37,Structural Engineer,SkylineStructures,"staad pro, etabs, structural analysis, autocad, concrete design","Analyze and design structural systems for buildings and infrastructure projects."
38,Construction Project Manager,UrbanBuild,"project management, primavera, budgeting, site supervision, communication","Plan, coordinate, and oversee construction projects from initiation to completion."
39,Transportation Engineer,RoadTech Consultants,"traffic analysis, autocad civil 3d, highway design, gis, project planning","Design and analyze transportation infrastructure including roads, highways, and traffic systems."
40,Environmental Engineer,GreenEarth Consultants,"environmental impact assessment, water treatment, autocad, regulatory compliance, sustainability","Develop solutions for environmental protection including waste management and pollution control."
41,VLSI Design Engineer,ChipWorks,"verilog, vhdl, vlsi design, cadence, digital design","Design and verify digital circuits and chips using hardware description languages and EDA tools."
42,Embedded Systems Engineer,CircuitCore,"embedded c, microcontrollers, rtos, pcb design, arm","Develop firmware and embedded software for hardware devices and microcontroller-based systems."
43,Electronics Design Engineer,SignalTech,"pcb design, circuit design, altium, analog electronics, embedded c","Design and test electronic circuits and PCBs for consumer and industrial products."
44,Communication Systems Engineer,TeleLink Solutions,"signal processing, matlab, wireless communication, rf design, networking","Design and analyze communication systems including wireless and RF technologies."
45,IoT Engineer,ConnectSphere,"embedded c, iot protocols, python, sensors, microcontrollers","Develop IoT solutions integrating hardware sensors with cloud-based data platforms."
46,Power Systems Engineer,VoltGrid Energy,"power systems analysis, matlab, electrical design, autocad electrical, protection systems","Design and analyze electrical power generation, transmission, and distribution systems."
47,Electrical Design Engineer,CircuitPro Engineering,"autocad electrical, electrical design, plc programming, panel design, wiring diagrams","Design electrical systems and panels for industrial and commercial installations."
48,Control Systems Engineer,AutomateWorks,"plc programming, scada, control systems, instrumentation, automation","Design and implement control systems and automation solutions for industrial processes."
49,Renewable Energy Engineer,SolarGrid Technologies,"solar design, pvsyst, electrical design, energy analysis, sustainability","Design and analyze renewable energy systems including solar and wind power installations."
50,Instrumentation Engineer,PrecisionTech,"instrumentation, plc, scada, calibration, process control","Design and maintain instrumentation and control systems for industrial process automation."
51,Chemical Process Engineer,ChemWorks Industries,"process design, chemical engineering, aspen plus, process simulation, safety standards","Design and optimize chemical processes for manufacturing and production facilities."
52,Quality Control Chemist,PureLabs,"analytical chemistry, quality control, lab testing, gc-ms, documentation","Perform quality testing and analysis of chemical products to ensure compliance with standards."
53,Petroleum Engineer,EnerFlow Resources,"reservoir engineering, drilling operations, petroleum engineering, safety standards, data analysis","Develop methods for extracting oil and gas efficiently and safely from reservoirs."
54,Biotechnology Research Associate,BioGen Labs,"molecular biology, pcr, lab techniques, data analysis, research","Conduct laboratory research and experiments in molecular biology and biotechnology applications."
55,Food Technologist,FreshFoods Innovations,"food science, quality control, haccp, product development, lab testing","Develop and test food products while ensuring quality and safety compliance standards."
56,Textile Engineer,FabricTech Industries,"textile engineering, quality control, fabric design, production planning, manufacturing","Oversee textile production processes and develop new fabric designs and materials."
57,Mining Engineer,TerraExtract,"mine planning, surveying, autocad, safety standards, geotechnical analysis","Plan and oversee mining operations ensuring safety, efficiency, and regulatory compliance."
58,Aerospace Design Engineer,SkyForge Aerospace,"catia, aerodynamics, structural analysis, mechanical design, matlab","Design and analyze aircraft components and systems for performance and safety."
59,Robotics Engineer,RoboWorks Technologies,"robotics, embedded c, ros, python, control systems","Design and program robotic systems for industrial and research applications."
60,Marine Engineer,OceanTech Marine,"marine engineering, autocad, mechanical design, safety standards, project management","Design, maintain, and oversee marine vessels and their mechanical and electrical systems."